{"cameraMode":{"drawMode":0,"name":"Shaded","section":"Shading Mode"},"sceneLighting":true,"audioPlay":false,"sceneViewState":{"m_AlwaysRefresh":false,"showFog":true,"showSkybox":true,"showFlares":true,"showImageEffects":true,"showParticleSystems":true,"showVisualEffectGraphs":true,"m_FxEnabled":true},"in2DMode":false,"pivot":{"x":-7.6228532791137699,"y":10.19410514831543,"z":33.7772102355957},"rotation":{"x":0.18714751303195954,"y":-0.03682814911007881,"z":0.007013945374637842,"w":0.9815755486488342},"size":50.41245651245117,"orthographic":true}