{"cameraMode":{"drawMode":0,"name":"Shaded","section":"Shading Mode"},"sceneLighting":true,"audioPlay":false,"sceneViewState":{"m_AlwaysRefresh":false,"showFog":true,"showSkybox":true,"showFlares":true,"showImageEffects":true,"showParticleSystems":true,"showVisualEffectGraphs":true,"m_FxEnabled":true},"in2DMode":false,"pivot":{"x":6.497898101806641,"y":7.768768310546875,"z":33.582149505615237},"rotation":{"x":0.09931216388940811,"y":0.25378674268722536,"z":-0.02621394209563732,"w":0.961754322052002},"size":15.047613143920899,"orthographic":true}